{
  "info": {
    "name": "Banking Full - Chaitanya",
    "schema": "https://schema.getpostman.com/json/collection/v2.1.0/collection.json"
  },
  "item": [
    {
      "name": "Create Account",
      "request": {
        "method": "POST",
        "header": [
          {
            "key": "Content-Type",
            "value": "application/json"
          }
        ],
        "body": {
          "mode": "raw",
          "raw": "{\"accountNumber\":\"ACC1001\",\"holderName\":\"Chaitanya Vijay Chaudhari\",\"balance\":0,\"status\":\"ACTIVE\"}"
        },
        "url": {
          "raw": "http://localhost:8080/api/accounts",
          "host": [
            "http://localhost:8080"
          ],
          "path": [
            "api",
            "accounts"
          ]
        }
      }
    },
    {
      "name": "Deposit",
      "request": {
        "method": "POST",
        "header": [
          {
            "key": "Content-Type",
            "value": "application/json"
          }
        ],
        "body": {
          "mode": "raw",
          "raw": "{\"sourceAccount\":\"ACC1001\",\"amount\":500}"
        },
        "url": {
          "raw": "http://localhost:8080/api/transactions/deposit",
          "host": [
            "http://localhost:8080"
          ],
          "path": [
            "api",
            "transactions",
            "deposit"
          ]
        }
      }
    }
  ]
}